{
  "timestamp": "2025-09-03T13:24:12.598651",
  "best_model": "Fine-tuned ResNet50",
  "test_accuracy": 0.6157407407407407,
  "test_loss": 1.0330414772033691,
  "macro_f1": 0.6151728671008362,
  "per_class_accuracy": [
    0.5789473684210527,
    0.6857142857142857,
    0.569620253164557,
    0.7397260273972602,
    0.5151515151515151
  ],
  "class_names": [
    "daisy",
    "dandelion",
    "rose",
    "sunflower",
    "tulip"
  ],
  "total_test_samples": 432,
  "correct_predictions": 266,
  "incorrect_predictions": 166
}